book_title,mean,count
Durch das NadelÃ?ÃÂ¶hr. Ein Leben mit der Anthroposophie.,11.966238,1
Rituals (Harvest Book),11.50405,1
I Spy Little Book (I Spy Books),11.443787,1
Die Regeln des GlÃ?ÃÂ¼cks.,11.399326,1
Animal Farm: A Fairy Story,11.329012,1
Life Is Too Short To Be Ordinary,11.242735,1
The Palm at the End of the Mind: Selected Poems and a Play,11.242735,1
Schokolade Zum Fruhstuck: Das Tagebuch Der Bridget Jones/Bridget Jone's Diary,11.162784,1
Little Hippo Lift The Flap Book (Where's Teddy) (Play with S.),11.094562,2
El Pianista del Gueto de Varsovia,10.843498,1
Hamlet (The Arden Edition of the Works of William Shakespeare),10.816421,1
This Day All Gods Die: The Gap into Ruin (Gap),10.679596,1
The Blue Day Book: A Lesson in Cheering Yourself Up,10.676179,1
Life After Death,10.650518,1
El ÃÂ¡rbol de la ciencia,10.637059,3
Wieland or the Transformation,10.60636,2
Lady Knight (Protector of the Small (Paperback)),10.589861,2
Love and Kisses,10.53664,2
Central Fells: Lakeland Fellranger (Lakeland Fellranger S.),10.533841,1
Monty Python's Second Film: A First Draft,10.533841,1
La la la.,10.492046,1
Petite fabrique de littÃ?ÃÂ©rature,10.485484,1
Les cinq sens (Philosophie des corps mÃÂªlÃÂ©s),10.485484,1
"Calvin et Hobbes, tome 21 : Je suis trop gÃ?ÃÂ©nial",10.485484,1
A Queda Dum Anjo,10.479725,1
Modern Masterpieces of Science Fiction,10.4770775,1
Harrap's Concise English-Spanish Dictionary/Harrap's Espanol-Ingles Diccionario,10.425326,1
Questions of Life: A Practical Introduction to the Christian Faith,10.408992,1
To kill a mockingbird (The World's best reading),10.39731,1
Jane Gibbs,10.396475,1
L'empreinte de l'ange: Roman (Un endroit oÃÂ¹ aller),10.368134,2
GrÃÂ¢ce et dÃÂ©nuement: Roman (Un endroit oÃÂ¹ aller),10.368134,2
Le contrat naturel,10.368134,2
Moon Palace,10.368134,2
Mr Vertigo,10.368134,2
A History of London,10.364801,1
Harry Bear's Railway Adventure,10.364801,1
Have a Nice Day : A Tale of Blood and Sweatsocks,10.356273,1
A River Runs Through It and Other Stories,10.343033,2
When She Hollers,10.328122,2
Play the Ball Where the Monkey Drops It: Why We Suffer and How We Can Hope,10.26939,2
Focus on the Family Presents Great Stories Remembered,10.247345,1
"\""Cher ÃÂ©cran-- \"": Journal personnel, ordinateur, Internet (La couleur de la vie)",10.246648,1
Century of Spells,10.237554,1
"Growing Up Catholic: An Infinitely Funny Guide for the Faithful, the Fallen and Everyone In-Between",10.223535,1
In an Italian Kitchen : The Very Best of Italian Cuisine,10.223535,1
Eat This...It'll Make You Feel Better!: Mamma's Italian Home Cooking and Other Favorites of Family and Friends,10.223535,1
La Confusion des sentiments,10.202988,1
Anne Frank: The Biography,10.188125,3
The Amethyst Heart,10.184938,1
fom winde ferfeelt ( vom winde verfehlt). welt-strolch macht links-shreibreform.,10.17998,3
If Only It Were True Unabridged,10.176811,1
What's So Great About America,10.157979,1
Air Navigation: Air Pilot's Manual (Air Pilot's Manual Series),10.145774,1
Autumn Story Brambly Hedge,10.128405,6
Winter Story (Brambly Hedge),10.081776,1
The Badger's Bath (Percy's Park),10.081776,1
Tissue Cleansing Through Bowel Management,10.070816,1
Motherhood,10.070816,1
Nature Spirits,10.070816,1
Jenseits von Eden.,10.057784,6
Der Feigenkaktus.,10.046505,1
Animal: The Definitive Visual Guide to the World's Wildlife,10.042046,1
Memories of Anne Frank: Reflections of a Childhood Friend,10.041015,1
"A Perfect Pair (Silhouette Special Edition, 1590)",10.029356,1
Mr. Vertigo.,10.011314,1
Die Kinderkarawane.,10.008842,1
Selected Poems,10.003933,1
"Hebrew-Greek Key Word Study Bible, New American Standard Bible, Leather, Bonded Burgandy",10.002318,1
Anne's House of Dreams,10.002318,1
Das Kunstseidene Madchen,9.991694,1
My Wicked Fantasy (Avon Romantic Treasure),9.988734,1
TWILIGHT,9.975213,1
"Robot Dreams (Masterworks of Science Fiction and Fantasy, No 5)",9.975213,1
Annie And The Outlaw (The Wild West) (Silhouette Intimate Moments No 597),9.968405,1
"Shadowplay (Intrigue, No 130)",9.959916,3
Kybalion: A Study of the Hermetic Philosophy of Ancient Egypt and Greece,9.952349,4
The Poisonwood Bible: A Novel,9.936688,1
The Complete Idiot's Guide to Classical Music,9.918169,1
In alto a sinistra (Universale economica Feltrinelli),9.913614,1
La Casa Degli Spiriti,9.910681,2
"Much Ado About Nothing: With New and Updated Critical Essays and a Revised Bibliography (Shakespeare, William, Works.)",9.893825,1
A Little Honesty: Trials and Triumphs of a Prince of Balona,9.892665,1
Finding Dad,9.892665,1
One Brick Shy,9.892665,1
A Dangerous Place: California's Unsettling Fate (Images of America),9.892665,1
Sang Froyd (Balona Books),9.892665,1
Spring Break,9.892665,1
The Chocolate Korndog,9.892665,1
The Burberry Style,9.892665,1
Focusing the Private Eye,9.892665,1
Arnold: An Unauthorized Biography,9.880198,1
The Canopy,9.880109,1
Nina: Adolescence,9.879825,1
L'Homme Qui Plantait Des Arbres,9.870964,1
La Faute de l'abbÃ?ÃÂ© Mouret,9.870964,1
"The Hour of the Star (New Directions Paperbook, 733)",9.867527,4
Organic Chemistry (Saunders Golden Sunburst Series),9.859772,1
Southern Nights,9.85516,6
"Easy Riders, Raging Bulls: How the Sex, Drugs and Rock'n'roll Generation Changed Hollywood",9.85516,6
The Infotainment Nihilist Presents the Postmodern Sublime,9.85516,6
Post fÃ?ÃÂ¼r den Tiger,9.8443985,1
Das Leben der Thiere,9.8443985,1
Die Geschichte Von Babar,9.8443985,1
Sanctuary  (Angel),9.840796,1
The Tempest (Folger Shakespeare Library),9.834167,1
Yukon Ho,9.819558,1
Qb VII,9.817886,2
Romantic Obsessions and Humiliations of Annie Sehlmeier,9.814686,1
Golden Threads (Lucky in Love No. 14),9.814531,1
Whispers on the Wind (Futuristic Romance),9.814531,1
McQueen's Heat,9.814531,1
The Deepest Edge,9.814531,1
Dark Side of Love (Superromance),9.814531,1
Der Druide von Shannara. ( Fantasy- Roman).,9.814395,1
Der Sohn von Shannara.,9.814395,1
Die DÃ?ÃÂ¤monen von Shannara.,9.814395,1
Dilbert: A Book of Postcards,9.780469,1
"Angels In The Light (Harlequin Superromance, No 576)",9.779084,4
Der ewige Krieg. Roman.,9.7779,3
Gurps Fantasy Folk (GURPS: Generic Universal Role Playing System),9.7779,3
Journal De Anne Frank,9.775466,10
"Balade au bout du monde, tome 4 : La pierre de folie",9.771095,1
"Nouvelles : tome 2, 1953-1981",9.771095,1
Good King Harry (Ballantine Reader's Circle),9.748774,36
Therese Raquin,9.747521,2
Voyage d'une parisienne Ã?ÃÂ  Lhassa,9.736286,1
Discovery Titanic,9.73127,1
Love Matters: Award winning Short Stories,9.731065,6
"Noia, La",9.729328,1
"My Traitor's Heart: A South African Exile Returns to Face His Country, His Tribe, and His Conscience",9.723132,4
Columbus and the Age of Discovery,9.720293,3
Tiny Tyrannosaurus and her Fierce Teeth : Snappy Fun Books,9.720293,3
Kid Calhoun,9.716358,2
Skye O'Malley,9.710477,26
SPACE TIME MEDICINE,9.702723,58
The Enchanted Castle (Wordsworth Collection Children's Library),9.698878,14
Motin del Bounty,9.692523,98
Everything Cat: What Kids Really Want to Know About Cats (Kids' FAQs),9.690678,6
Wayside School Gets a Little Stranger,9.690678,6
A Treasury of Little golden books: 30 best-loved stories,9.681685,1
Endurance: Shackleton's Incredible Voyage to the Antarctic (Illustrated Edition),9.677967,1
MÃÂ©moires d'un enfant du rail: Le rempart de la misÃÂ©ricorde,9.65772,7
La punta: Roman,9.65772,7
My Life in Dog Years,9.65264,1
Trouble Man the Life and Deat Gaye,9.642941,94
"The Guinness Book of Records, 1999 (Serial)",9.635674,1
2001: Una Odisea Espacial,9.630903,1
"The Titanic: Lost and Found (Step-Into-Reading, Step 4)",9.629984,1
Once Removed,9.628759,5
Men in Black II: The Movie Novel,9.612461,5
Bodas de Sangre,9.604627,4
La vida es sueÃÂ±o: Drama y auto sacramental (ClÃÂ¡sicos universales planeta),9.604627,4
I Know a Rhino,9.604375,41
First Book of Sushi (World Snacks),9.604375,41
L'Ã?ÃÂ®le,9.598767,2
Big Ice,9.588981,90
"The Case of the Buried Treasure (Jigsaw Jones Super Special, 1)",9.582428,8
William Wegman Puppies,9.580526,62
Profiles in Courage for Our Time,9.579494,9
Healing the Sick a Living Classic,9.578653,1
Twelfth Night : For Kids (Shakespeare Can Be Fun series),9.574788,1
Sei Personaggi In Cerca D,9.572709,8
The Tao of Peace: A Modern Guide to the Ancient Way of Peace and Harmony,9.5661955,1
Brain Storm,9.548607,5
The Philadelphia Food Companion: The Finest Food Shops in Greater Philadelphia,9.548366,3
1984 (Spanish Language Edition),9.546324,4
Polar the Titanic Bear,9.539716,1
The Norton Anthology of English Literature,9.539138,1
"Meet the Boxcar Children (Adventures of Benny and Watch, 1)",9.535703,1
Kimberley warrior: The story of Jandamarra (A little ark book),9.527355,3
Latitude: How American Astronomers Solved the Mystery of Variation,9.52175,12
Mas Que Humano,9.521209,1
"The Seven Songs of Merlin (Lost Years of Merlin, Bk. 2)",9.513922,1
Access Sydney,9.513551,66
Creating Wealth : Retire in Ten Years Using Allen's Seven Principles of Wealth!,9.513122,1
Scientific Progress Goes Boink,9.510979,1
Titan,9.506592,1
The Acorn People,9.506149,20
Desaparecido: LA Autentica Historia De LA Ejecucion De Charles Horman,9.471619,1
Fought by Boys: New and Selected Poems from War,9.470826,1
Arco Teach Yourself the Gmat Cat in 24 Hours (Arcos Teach Yourself in 24 Hours Series),9.465779,35
A Book of One's Own: People and Their Diaries,9.464457,98
Manuel de savoir-vivre Ã?ÃÂ  l'usage des rustres et des malpolis,9.449662,7
"Hans Fallada: Welche sind, die haben kein GlÃÂ¼ck (TaschenfÃÂ¼hrer populÃÂ¤re Kultur)",9.4494095,1
Sophie's Choice (Modern Library),9.444276,1
The Enneagram Made Easy : Discover the 9 Types of People,9.428831,4
Maestro Cantor,9.420573,1
The Mount: A Novel,9.419718,1
The Heretic Kings (The Monarchies of God : Book 2),9.418714,24
Per Anhalter durch die Galaxis.,9.417367,16
Noah's Garden: Restoring the Ecology of Our Own Back Yards,9.408082,31
The Best Short Stories of Fyodor Dostoevsky (Modern Library Paperback Classics),9.406741,51
"El Senor De Los Anillos: El Retorno Del Rey (Tolkien, J. R. R. Lord of the Rings. 3.)",9.402511,1
Las Olas (Fabula),9.401513,51
The Bird Care Book: Everything You Need to Know to Keep Any Bird Healthy and Happy,9.390292,7
Black Hawk Down: A Story of Modern War,9.384577,1
Raising Our Athletic Daughters: How Sports Can Build Self-Esteem and Save Girls' Lives,9.383852,2
Ismaels Geheimnis.,9.383735,5
Ismael. Roman.,9.383735,5
Pride and Prejudice (Riverside Editions),9.373627,4
Jesus/Now,9.370672,1
Eyewitness Garden Handbooks: Roses (Eyewitness Garden Handbooks),9.362227,8
Retour a la saison des pluies nÃ?ÃÂ¸15 (nelle ed.),9.355787,2
Creation,9.3528,7
The VALUE IN THE VALLEY : A BLACK WOMAN'S GUIDE THROUGH LIFE'S DILEMMAS,9.351502,21
Heresy : A Catherine LeVendeur Mystery (Catherine LeVendeur),9.349129,46
Teatro completo (ColecciÃÂ³n GoliÃÂ¡rdica ; 23),9.348404,2
"Luces De Bohemia (Nueva Austral, No 1)",9.348404,2
Night Riders in Black Folk History,9.346339,45
Silver Scream: A Bed-and-Breakfast Mystery,9.343689,34
Life Before Man,9.3376465,1
Loretta Lynn: Coal Miner's Daughter,9.333073,63
The City &amp; the Stars,9.310258,9
The Death of the U.S.S. Thresher: The Story Behind History's Deadliest Submarine Disaster,9.309127,2
El Puente de Alcantara,9.306649,4
The Inheritors,9.299693,5
Die wilde Miss vom Ohio und andere ungewÃÂ¶hnliche Geschichten,9.290733,34
Le temps des cerises: Roman,9.290491,8
The Essential Vegetarian Cookbook,9.29021,1
Fred und die BÃ?ÃÂ¼cherkiste. ( Ab 5 J.).,9.289729,2
Secret Knowledge: Rediscovering the Lost Techniques of the Old Masters,9.286109,11
Plato Complete Works,9.279168,22
L'Ecole des chimpanzÃ?ÃÂ©s. Ce qu'ils nous apprennent sur l'homme,9.240541,2
Essential Whole Earth Catalog,9.237905,6
"The Miserable Mill (A Series of Unfortunate Events, 4)",9.230734,3
The Fragile Flag (Hall Family Chronicles),9.227979,8
You Are Special,9.227554,18
A Draft of Xxx Cantos (New Directions Paperbook),9.22479,4
The T-Factor Fat Gram Counter,9.215027,23
"In My Father's House (Shiloh Legacy, Book 1)",9.204696,37
The Complete Books of Charles Fort,9.203855,12
The Mystery of Capital: Why Capitalism Triumphs in the West and Fails Everywhere Else,9.202988,4
Just Lost (A Golden Look-Look Book),9.196965,20
Deathbed (Father Koesler Mystery),9.194469,2
Oscillator Design and Computer Simulation,9.179635,7
Radio Communications Receivers,9.179635,7
The Last American Man,9.178363,1
The Amazing Sea Otter,9.177983,4
"Yoga fÃ?ÃÂ¼r RÃ?ÃÂ¼cken, Schulter und Nacken.",9.166844,11
"FÃÂ¼rstin, Dame, armes Weib",9.166844,11
Sternstunden Der Menschheit: 12 Historische Miniaturen,9.166844,11
Little Heroes,9.161921,13
Saigon,9.158365,2
The Right Thing,9.138753,4
Flyboys: A True Story of Courage,9.138753,4
La casa de Bernarda Alba,9.125332,2
One Flew Over the Cuckoos Nest,9.097055,1
"Metu Neter Vol. 2: Anuk Ausar, The Kamitic Initiation System",9.096506,18
Metu Neter Vol. 1: The Great Oracle of Tehuti and the Egyptian System of Spiritual Cultivation,9.096506,18
A Midwife's Story,9.080925,5
"Dr. Daddy (From Here To Maternity) (Silhouette Desire, No 933)",9.075306,2
Les Miserables I (French Language),9.069453,6
Das Faxenbuch (Neue Frau),9.055523,9
Jacques le Fataliste,9.046167,8
Mercy (G K Hall Large Print Book Series (Cloth)),9.043675,12
El Senor De Los Anillos/the Lord of the Rings,9.021952,11
Wuthering Heights (Modern Library Paperback Classics),9.01623,6
"DemÃÂ , a les tres de la matinada: Seguit de Gent de l'alta vall i tres reportatges especials (ColÃÂ¨lecciÃÂ³ universal de butxaca el cangur)",8.996162,4
Die Frau des Feuergottes. Roman.,8.986667,1
Dr. Atkin's Diet Revolution,8.986197,1
Hurenkind,8.98136,1
Begegnungen mit BÃÂ¼chern: AufsÃÂ¤tze und Einleitungen aus den Jahren 1902-1939 (Gesammelte Werke in EinzelbÃÂ¤nden / Stefan Zweig),8.97913,3
The Concise Oxford Dictionary of Music (Oxford Paperback Reference),8.978131,1
The Left Hand of Darkness (Ace Science Fiction),8.965788,18
"Six Sticks (Step into Reading, Early, paper)",8.957921,6
Luchsmond. ErzÃ?ÃÂ¤hlungen.,8.951798,14
La Increible y Triste Historia  Candida Erendira,8.950482,6
"Smoke &amp; Spice: Cooking with Smoke, the Real Way to Barbecue, on Your Charcoal Grill, Water Smoker, or Wood-Burning Pit",8.940785,9
Paul McCartney.,8.933623,5
The Guide to Owning a Finch,8.927038,2
Amazing but True (Amazing Mini Book Series),8.927038,2
Herbs,8.927038,2
A House Full of Kids: Running a Successful Day Care Business in Your Own Home,8.924678,12
"5 Novels : Alan Mendelsohn, the Boy from Mars; Slaves of Spiegel; The Last Guru; Young Adult Novel; The Snarkout Boys and the Avocado of Death",8.915694,1
"Love and Rockets, Book 4: Tears from Heaven",8.915694,1
"Love and Rockets, Vol 3: Los Bros Hernandez Las Mujeres Perdidas",8.915694,1
Love &amp; Rockets Vol. 6: Duck Feet,8.915694,1
"Love and Rockets Vol. 2 : \""Chelo's Burden\""",8.915694,1
Quer durch die Galaxie und dann links,8.910469,8
Lonely Planet New York City Condensed (Condensed Guides),8.899822,2
"Dangerous Journey (Heinemann Guided Readers, Beginner Level)",8.8854065,2
Diet for a Poisoned Planet: How to Choose Safe Foods for You and Your Family,8.873793,1
A Little Princess,8.872779,1
L'Ultimo Natale Di Guerra: A Cura Di Marco Belpoliti,8.872596,1
Hitchhikers's Guide to the Galaxy,8.866475,1
Seabiscuit: An American Legend,8.864673,1
The Malady of Death,8.864382,1
The Hitchhiker's Guide to the Galaxy,8.86152,1
Ser digital,8.856993,1
Winter Wedding,8.848336,1
Black Body,8.83532,1
How to Fight a Girl,8.833218,1
Les llengÃÂ¼es d'Africa (Biblioteca universal EmpÃÂºries),8.817653,1
El dia que es va cremar el Liceu (La primera Columna),8.817653,1
Una casa en Irlanda,8.817653,1
Lonely Planet Japanese Phrasebook (Lonely Planet Japanese Phrasebook),8.8146925,3
Sex Lover's Book of Lists,8.8146925,3
Sofies Welt. Roman Ã?ÃÂ¼ber die Geschichte der Philosophie.,8.794882,1
"Gallant Waif (Harlequin Historical Series, No 557)",8.794218,5
Today's Been a Helluva Week,8.787459,1
The Little Prince (Wordsworth Collection),8.783708,1
"The Beer Lover's Guide to the USA: Brewpubs, Taverns, and Good Beer Bars",8.776295,8
"The Best 351 Colleges, 2004 Edition",8.764177,22
Nana,8.755024,2
McDonald's: Behind the Arches,8.720583,1
"My Montana Home (Big Sky Country) (Harlequin Superromance, No. 1014)",8.717559,3
Harley: Like a Person,8.717453,9
Grave Secrets,8.714565,14
4 : Fantastic Novels,8.708361,1
The Letter of Marque (Aubrey/Maturin Series),8.6870165,5
"KJV Giant Print Reference Bible, Personal Size Bronze Edition",8.67989,2
Body Wars,8.671087,4
Black Beauty (Little Brown Notebooks),8.660283,2
Die letzte Zauberin. Valorians Kinder.,8.656548,9
Kishons beste Familiengeschichten.,8.652167,6
Maus 1. Mein Vater kotzt Geschichte aus. Die Geschichte eines Ã?Ã?berlebenden.,8.636744,2
"Music for Mechanics (Complete Love and Rockets, Book1) Vol. 1",8.611175,1
"Punished by Rewards: The Trouble With Gold Stars, Incentive Plans, A'S, Praise, and Other Bribes",8.6068125,1
Memorie Di una Geisha / Memoires of a Geisha,8.593269,1
Das neue Leben.,8.584713,3
Heat: The Fire Investigators and Their War on Arson and Murder,8.577908,19
The God in Flight,8.57232,8
Tips and Traps When Buying A Home,8.57232,8
Dinosaur Summer,8.569385,4
A Soldier of the Great War,8.54967,1
Diaspora: A Novel,8.543223,2
The Bichon Frise : An Owner's Guide to a Happy Healthy Pet  (Happy Healthy Pet),8.532789,5
"How to Buy a Computer: And a Monitor, a Printer, a Sound Car, a Scanner, Etc...",8.532124,9
How in the World?: A Fascinating Journey Through the World of Human Ingenuity,8.5258,1
The Canterville Ghost,8.509869,1
Oscar Wilde (Everyman Poetry Library),8.504548,1
Owen Meany. Roman.,8.49396,1
Harry Potter et la chambre des secrets,8.479703,1
George Howe: Toward a modern American architecture,8.478239,2
"Sacred Monsters, Sacred Masters: Beaton, Capote, DalÃÂ­, Picasso, Freud, Warhol, and More",8.478239,2
Allegra Maud Goldman,8.471889,1
"An Eva Ibbotson Collection: Which Witch?, The Secret of Platform 13, Island of the Aunts",8.470308,1
The Complete Grimm's Fairy Tales,8.466907,1
Birding (Nature Company Guide),8.462425,3
"Gentle Birth Choices: A Guide to Making Informed Decisions About Birthing Centers, Birth Attendants, Water Birth, Home Birth, Hospital Birth",8.454836,1
American Dreams: Lost &amp; Found,8.453351,1
Harvest Poems: 1910-1960,8.445638,2
Un Alma de Dios,8.443743,1
The Persuasion de Los Dias - En La Masmedula,8.443743,1
Making Miniature Food and Market Stalls,8.437746,2
Die Herrin von Avalon.,8.42794,6
Fachkunde fÃ?ÃÂ¼r Fachinformatiker und Informatikkaufleute. (Lernmaterialien),8.42794,6
Cime Tempestose,8.421671,1
Poems from Swedenborg,8.39303,1
Heavenly Secrets Arcana Caelestia,8.39303,1
Heaven and Hell,8.39303,2
Waist-High in the World: A Life Among the Nondisabled,8.392165,2
A Knight to Remember,8.3869915,1
Worship of the Common Heart: New and Selected Stories,8.380887,2
"I Never Called It Rape: The Ms. Report on Recognizing, Fighting, and Surviving Date and Acquaintance Rape",8.375608,1
On Bended Knee: The Press and the Reagan Presidency,8.374345,2
Things You Should Know : A Collection of Stories,8.367053,2
Truth &amp; Beauty : A Friendship,8.36702,4
Sea-Change,8.365324,2
Harry Potter a l'ecole des sorciers,8.365042,1
Sweet Dreamer: A Guide for Young Dreamers (Cosmic Kits),8.364725,2
The Global Me: New Cosmopolitans and the Competitive Edge: Picking Globalism's Winners and Losers,8.351829,6
"SINGING LESSONS: A MEMOIR OF LOVE, LOSS, HOPE AND HEALING (W/CD) : (W/O CD: 02745-X)",8.344734,2
Beatriz Y Los Cuerpos Celestes: Una Novela Rosa,8.334514,1
Psycho Cybernetics,8.334476,2
El Principe (Intemporales),8.329197,1
El Cine,8.329197,1
Ciudad De Las Bestias,8.329197,1
New Writing 11: Volume 11,8.329197,1
Spiegelzeit. Eine phantastische Geschichte.,8.321065,1
Devine qui fait quoi : Une promenade invisible,8.316015,1
Michelangelo: Pieta,8.316015,1
We're Going on a Bear Hunt (Classic Board Books),8.316015,1
Lonely Planet Queensland (Lonely Planet Queensland),8.312076,7
"The Prophecy (Animorphs, 34)",8.310117,1
Hamlet,8.2957115,1
A Traves Del Espejo Trebol,8.2957115,1
Arbol y Hoja - Tapa Dura -,8.2957115,1
A Walk in Hell - The Other Side of War,8.248478,1
The Oxford Book of Essays,8.239413,1
Hooked but Not Helpless: Ending Your Love Hate Relationship With Nicotine,8.232142,7
Rome Access (Accessguides.),8.219271,1
Karibisches Requiem.,8.217762,4
Im Auftrag fÃ?ÃÂ¼r Israel. Mein Leben als Spionin.,8.217762,4
Die MondsteinmÃ?ÃÂ¤rchen. Ein MÃ?ÃÂ¤rchenbuch nicht nur fÃ?ÃÂ¼r Erwachsene.,8.205585,1
Cuckoo's egg,8.203203,4
The Skeptical Environmentalist: Measuring the Real State of the World,8.201681,1
Eyewitness Travel Guide to Japan,8.176159,4
"Un Seul Ennui, Les Jours Raccourcissent",8.174931,2
Travesties,8.168068,1
Der Schimmelreiter.,8.168068,1
Lehmanns ErzÃ?ÃÂ¤hlungen oder So schÃ?ÃÂ¶n war mein Markt. GroÃ?Ã?druck. Aus den Bekenntnissen eines SchwarzhÃ?ÃÂ¤ndlers.,8.168068,1
Gesammelte Politische Schriften.,8.168068,1
The Invention of Love,8.168068,1
The New Poetry,8.168068,1
Typhoon and Other Stories (20th Century Classics),8.168068,1
Die Einkreisung.,8.161017,1
Obres completes de TÃÂ­sner (PÃÂ²rtic obres completes),8.14563,3
Haiku: Een jonge maan (Meulenhoff editie),8.120279,1
The Cloud Atlas,8.118254,1
Zigeunerballade,8.115339,2
The Killer Angels: A Novel,8.090843,4
Insel der blauen Delfine ( Delphine). ( Ab 12 J.).,8.090324,1
Siddhartha. Eine indische Dichtung,8.090324,1
"Durch einen Spiegel, in einem dunklen Wort.",8.090324,1
The Adventures of Pinocchio: Story of a Puppet/Le Avventure Di Pinocchio: Storia Di Un Burattino,8.077778,3
LA Excursion a Tindari (Narrativa),8.069287,10
LA Nochevieja De Montalbano (Narrativa),8.069287,10
Die Taucherin.,8.051002,2
Whatever Next,8.048102,2
Et ne cherche pas Ã?ÃÂ  savoir,8.039018,1
A cÃ?ÃÂ´tÃ?ÃÂ© de la plaque,8.039018,1
There is No Road : Proverbs by Antonio Machado (Companions for the Journey),8.028141,1
North Wind,8.023191,1
Monsieur Rene,8.017024,4
Push Not The River,7.992364,2
Dave Barry in Cyberspace,7.9856343,1
Going Solo,7.9684687,2
Pride and Prejudice (Dover Thrift Editions),7.9619284,1
KÃ?ÃÂ¶nig Lear / King Lear.,7.948239,7
Dove Isabeau,7.933453,6
Maus 2. Und hier begann mein UnglÃ?ÃÂ¼ck. Die Geschichte eines Ã?Ã?berlebenden.,7.931569,1
"Greek and Roman Artillery 399 Bc-Ad 363 (New Vanguard, 89)",7.916239,1
"Wild Horse Run (Adventures With Barbie, No 10)",7.914524,1
Museum of Science Book of Answers &amp; Questions,7.9110203,1
Arcadia,7.9066343,1
The Times We Had: Life With William Randolph Hearst,7.902911,1
"Le Cycle de Dune, tome 5 : L'Empereur-Dieu de Dune",7.873573,1
Far from the Madding Crowd (Wordsworth Classics),7.872702,1
Arcipestre de Hita/Libro de buen amor,7.871676,2
Hojas de Hierba,7.871676,2
"Plato Five Dialogues: Euthyphro, Apology, Crito, Meno, Phaedo",7.8671064,1
The Right Man : The Surprise Presidency of George W. Bush,7.860321,1
"Life, Paint and Passion: Reclaiming the Magic of Spontaneous Expression",7.8558135,1
Only The River Runs Free : A Novel (Galway Chronicles (Paperback)),7.846866,1
AS Level ICT,7.8401523,1
LA Desa Paricion De Pato,7.81356,8
Vielleicht lieber morgen.,7.788233,1
Encyclopedia Brown Sets the Pace (Encyclopedia Brown (Paperback)),7.7867317,1
Philadelphia,7.7834463,2
Divine Love and Wisdom,7.7807198,2
If We Were All the Same (Mister Rogers Books),7.774939,1
Riding the Edge,7.772197,1
Trespassing in God's Country: Sixty Years of Flying in Northern Canada,7.772197,1
A Field Guide to the Birds: A Completely New Guide to All the Birds of Eastern and Central North America (The Peterson field guide series ; 1),7.772197,1
All Around the World Cookbook,7.769853,1
The Great Victorian Cookbook,7.769853,1
"Le Cycle de Dune, tome 4 : Les Enfants de Dune",7.75442,1
Antipodes 10,7.750974,1
Dracula (Penguin Classics),7.7380943,1
Bury My Heart at Wounded Knee: An Indian History of the American West,7.728033,4
Onkel Paul. Roman.,7.723941,1
Elements of Programming With Perl,7.7047453,1
"Behind the Sawali : Santo Tomas in cartoons, 1942-1945",7.7035913,1
And No Birds Sing: The Story of an Ecological Disaster in a Tropical Paradise,7.7035913,1
A Drug War Carol,7.7035356,1
I Giorni Dell'abbandono,7.693275,1
La trahison des dieux,7.6831803,1
"Battle Royale, Vol. 4",7.679252,1
"Let's Go: The Budget Guide to Italy, 1996 : Including Tunisia (Let's Go)",7.679252,1
"Battle Royale, Vol. 3",7.679252,1
"Battle Royale, Book 2",7.679252,1
"Battle Royale, Vol. 5",7.679252,1
Total Immersion : A Revolutionary Way To Swim Better And Faster,7.6740093,1
Medicinal Plants: Their Role in Health and Biodiversity,7.658339,1
Cryptonomicon.,7.6556377,2
"Le Cycle de Dune, tome 3 : Le Messie de Dune",7.6361365,1
"The Disappearance of the Universe: Straight Talk About Illusions, Past Lives, Religion, Sex, Politics, and the Miracles of Forgiveness",7.617136,1
Word for Every Day,7.5888033,1
Taxi Driver (Faber Film),7.5471306,1
The Unseen Hand,7.539466,1
Armer Pettersson.,7.517699,1
Prisoners of Hope: Exploiting the Pow/Mia Myth in America,7.3567495,1
"One-Day Trips Through History : More Than 200 Museums, Battlefields, Plantations, Colonial Churches, Monuments, Historic Homes, Forts, and Parks",7.3567495,1
Your Word Is Your Wand,7.354033,1
Sea Dancers,7.345321,2
Gamiani (La Sonrisa Vertical),7.335254,1
Dizionario Dei Film 2000,7.3157854,1
Picknick auf dem Eis.,7.298012,1
The Heavenly Man: The Remarkable True Story of Chinese Christian Brother Yun,7.2954855,1
Systematic Theology: An Introduction to Biblical Doctrine,7.2954855,1
Das Orakel von Oonagh.,7.2942133,2
Star Trek: Science Logs,7.288702,1
Tagebuch 1946-1949,7.2843227,1
"Kybalion, El",7.278357,1
Die Brautprinzessin Actics for Market Domination,7.2728724,1
Lynch on Lynch,7.267683,1
The Price of Passion: An Erotic Journey,7.246341,1
The Ecstatic,7.2380147,1
Compagnie,7.2299333,1
In a Shallow Grave,7.224194,1
"Giving Birth to Thunder, Sleeping with His Daughter",7.224194,1
"Battle Royale, Book 1",7.2237706,1
The Undefeated: The Oklahoma Sooners and the Greatest Winning Streak in College Football,7.211633,1
Oaks of California,7.1861033,2
Christian Acts of Kindness,7.1701326,1
Kruger's Gold,7.1558185,1
Patrick,7.1433325,1
"Cry, Freedom (Oxford Bookworms S.)",7.1392603,1
Index of Suspicion,7.1332064,1
Little angels,7.1284914,1
Chic Simple Dress Smart for Women: Wardrobes that Win in the Workplace,7.121042,1
Real Gorgeous: The Truth About Body and Beauty,7.1132603,1
The Strange Case of Dr. Jekyll and Mr. Hyde: And Other Tales of Terror (Penguin Classics),7.0867786,1
Collected Poems,7.0515227,1
Microelectronic Circuits (Oxford Series in Electrical Engineering),7.046782,3
The Brothers K,7.010645,2
Tales of Edgar Allan Poe (Books of Wonder),6.996722,1
GIOTTOS HAND : A Jonathan Argyll Mystery,6.9778438,1
Les Diaboliques (French Language Edition),6.9727845,3
Halloween: Romantic Art and Customs Of Yesteryear Postcard Book,6.971865,1
A Guide to the Oxford English Dictionary,6.969365,1
The Compact Oxford English Dictionary,6.969365,1
Film als subversive Kunst. Kino wider die Tabus - von Eisenstein bis Kubrick.,6.9597464,1
Mein Leben und meine Filme. Autobiographie.,6.9597464,1
Film als Kunst.,6.9597464,1
Film verstehen.,6.9597464,1
El satiricÃÂ³n,6.935851,1
Sammy Keyes and the Curse of Moustache Mary,6.9253006,1
Der Richter Und Sein Henker,6.9028163,1
American Gods : A Novel,6.894056,1
Liebeskummer als Weg der Reifung.,6.891604,1
Watch and Pray With Me: The Seven Last Words,6.8866487,1
Crow Lake (Today Show Book Club #7),6.882817,1
Divining Women (Ay Spoken Word - Gibbons),6.882039,1
Only the Wind Remembers,6.8660083,1
Fighter: The True Story of the Battle of Britain,6.8509054,1
Freedom Train: The Story of Harriet Tubman,6.8495483,1
Taking the Ferry Home,6.8483334,1
The Messenger,6.848128,1
Brothers Karamazov,6.8441186,1
Friends. Eine voll coole Woche. ( Ab 12 J.).,6.8280916,1
"Ich glaub, ich krieg ne Krise. cbt. ( Ab 12 J.).",6.8280916,1
The Burning Road: A Novel,6.820087,1
Thinking in Java (2nd Edition),6.8186326,1
Practical PostgreSQL (O'Reilly Unix),6.8186326,1
"Ich, Prinzessin Viola: Ein altes Haus und seine Besetzer",6.814703,1
Phantom of the Opera,6.808642,1
Portraits of Hope: Conquering Breast Cancer : 52 Inspirational Stories of Strength (Portraits of Hope),6.799707,1
"Lonely Planet Cambodia (Cambodia, 3rd ed)",6.799025,1
Lonely Planet Thailand (8th ed),6.799025,1
"Lonely Planet India (Lonely Planet India, 8th ed)",6.799025,1
"Der Auftrag, oder, Vom Beobachten des Beobachters der Beobachter: Novelle in vierundzwanzig SÃÂ¤tzen",6.795944,3
Sea Room: An Island Life in the Hebrides,6.7956114,1
Whispers In The Woods (Reader's Choice),6.7898917,2
Billy Wilder. Eine Nahaufnahme.,6.7871647,1
Networking With Microsoft Tcp/Ip,6.780663,1
"Running Linux, Fourth Edition",6.780663,1
The Veritas Project: Hangman's Curse,6.7781844,1
Alicia En El Pais de Las Maravillas - A Traves del,6.774701,1
Ryan White: My Own Story,6.7644787,1
Britain (Economists Business Traveller's Guides),6.764288,1
Unter die Deutschen gefallen: Erfahrungen eines Afrikaners,6.762658,1
Pulp Fiction,6.750172,1
Avoiding Mr. Wrong (and What To Do If You Didn't) Ten Men Who Will Ruin Your Life,6.748862,1
The VERY BEST MEN : Four Who Dared: The Early Years of the CIA,6.7470784,1
"Frommer's 2000 Paris from $80 a Day: The Ultimate Guide to Comfortable Low-Cost Travel (Frommer's Paris from $... a Day, 2000)",6.746183,1
Eyewitness Travel Guide to Sydney,6.7328663,1
The Clue of the Tapping Heels (Nancy Drew (Hardcover)),6.7270484,1
For the Love of a Child,6.723117,1
Algoritmos + Estructuras de Datos = Programas,6.708816,1
Song of the Whale,6.704473,1
How I Saved the World: Bugs Bunny's Space Jam Scrapbook,6.704473,1
A Place for Owls (True Animal Stories),6.704473,1
Nappy Hair (Dragonfly Books),6.7016106,1
A Leg to Stand on,6.697871,1
The Adventures of Sherlock Holmes,6.697871,1
Linux Unwired,6.687178,1
Absolute OpenBSD: UNIX for the Practical Paranoid,6.687178,1
Hitchhiking Vietnam,6.683875,1
Widowhood Happens,6.67467,1
Encyclopedia of Electronic Circuits Volume 2,6.650501,1
A Stranger's Wife,6.648532,1
To Kiss a Texan (Texas Brothers Trilogy),6.648532,1
Marriage a LA Mode (Signet Regency Romance),6.648532,1
The Village Spinster,6.648532,1
Tides of the Heart,6.64424,1
Ceo: Building a Four Hundred Million Dollar Company from the Ground Up,6.6437325,1
"Thank You, Mr. Falker",6.6294146,1
Hunters of the Shadows,6.616709,1
One Up: A Woman in Action with the SAS,6.6111236,1
A Los Pies De Omphalos,6.6017284,1
Collected Fictions,6.5983005,1
A Time To Dance,6.5959716,1
"Avaryan Rising : The Hall of the Mountain King, The Lady of Han-Gilen, A Fall of Princes (Avaryan Rising)",6.5851126,1
Seide.,6.5807176,3
London Holiday,6.562278,1
Vorkurs der Ingenieurmathematik.,6.5568876,1
Hacker's Challenge : Test Your Incident Response Skills Using 20 Scenarios,6.5546436,1
Strategisches Management. Wie strategische Initiativen zum Wandel fÃ?ÃÂ¼hren.,6.5526023,1
The Stray Dog: From a True Story by Reiko Sassa,6.5507946,1
Ein Stuck Vom Leben,6.516773,1
"Is the Age of the Antichrist, Martyrdom, Rapture and the Millennial Kingdom Coming? (I)",6.5114117,1
The Beach. [Der Strand].,6.490629,1
Jim Knopf und die Wilde 13. ( Ab 8 J.).,6.4812937,1
"Opened Ground : Selected Poems, 1966-1996",6.4553366,1
Relativity: The Special and the General Theory,6.425358,2
How to Live Consciously in God: a Handbook of Spiritual Practice with 31 Inspirational Themes for Daily Reflection,6.412888,1
Das Leben ist schÃ?ÃÂ¶n.,6.409791,1
Oxford Advanced Learner's Dictionary: Of Current English,6.396353,1
The Sleep Ponies,6.3918014,1
Gevatter Tod. Roman. ( Fantasy).,6.3882766,1
Rules of Marriage (Zebra Historical Romance),6.3752875,1
MÃ?ÃÂ¤nner wollen nur das Eine und Frauen reden sowieso zu viel. Eine Faktensammlung.,6.3728933,1
Managing a Genealogical Project Updated Edition,6.3714495,1
"Carolina Cradle: Settlement of the Northwest Carolina Frontier, 1747-1762",6.3714495,1
Greek Grammar,6.369726,1
The Lotus in the City: How to Combine Spiritual Practice With Everyday Life,6.3673162,1
A Fortune-Teller Told Me: Earthbound Travels in the Far East,6.3460593,1
Tam Lin (Fairy Tale),6.3402033,1
Le Bachelier,6.335287,1
Beginner's Japanese (Teach Yourself: Beginner's),6.335287,1
The Master of Rain,6.3263493,1
FlÃ?ÃÂ¼gel. Dritter Roman der Nomen- Trilogie. ( Fantasy).,6.324673,1
War Against People. Menschenrechte und Schurkenstaaten.,6.324673,1
My Brother's Keeper,6.31575,1
The Savior,6.31575,1
Cable Car to Catastrophe,6.3156404,2
"The Complete Idiot's Guide to Yoga Illustrated, Third Edition",6.313241,1
Winter's Tale,6.311884,1
The Holy Movement : Matters of the Colon,6.3106484,1
Shoplifters vs. Retailers The Rights of Both,6.3106484,1
Resurrection! The Cause of Cancer Re-Discovered (1),6.3106484,1
Diets And Why Most Don't Work,6.3106484,1
Astrology Anyone?,6.3106484,1
Braving the Void: Journeys into Healing,6.3106484,1
"CANCER : Cause, Cure and Cover-up",6.3106484,1
The dawn-breakers: NabÃÂ­l's narrative of the early days of the BahÃÂ¡ÃÂ®ÃÂ­ revelation,6.304081,1
Rise Up Singing: The Group Singing Songbook,6.304081,1
"Hello World!: On Canada, the World &amp; Youth",6.304081,1
Dracula (Scholastic Classics),6.298942,1
Dracula: Level 2: 700-Word Vocabulary (Oxford Bookworms Library),6.296119,1
CATCH ME IF YOU CAN,6.2880454,1
Lolita,6.282241,1
Under the Skin,6.280401,2
Martians in Maggody: An Arly Hanks Mystery (Arly Hanks Mysteries (Hardcover)),6.277916,1
The Forgotten War (Star Trek: The Next Generation),6.2729316,1
Reiki : GuÃ?ÃÂ©ris toi-mÃ?ÃÂªme,6.2655964,1
KÃ?ÃÂ¢ma-SÃ?ÃÂ»tra : L'homme amoureux et la femme sensuelle (coffret),6.2655964,1
Mulata,6.265257,1
"Get Your Act Together!: A 7-Day Get-Organized Program for the Overworked, Overbooked, and Overwhelmed",6.263279,2
Scheherazade Goes West,6.251888,2
Billy,6.2497635,1
The Law,6.2432914,1
Smile for the Speed Camera: Photo Radar Exposed!,6.2373185,1
Untie My Heart,6.2353787,1
"Flowers of Evil: A Selection (New Directions Paperbook, No. 71)",6.2259083,2
Deaf in America: Voices from a Culture,6.223843,1
?What If!: How to Start a Creative Revolution at Work,6.217695,2
Writing in the Dust: After September 11,6.197984,1
Granny Dan (Bantam/Doubleday/Delacorte Press Large Print),6.1973658,1
Deutsch Heute: Grundstufe,6.1953588,1
Zwei Hochzeiten und ein Pessachfest.,6.1802354,1
"Face The Fire (Three Sisters Island Trilogy, Volume 3)",6.178535,1
Funny Stories (Walker Treasuries),6.1729083,1
The One King,6.165199,1
"East of the Sun, West of the Moon",6.16187,1
"Hungarian Hussar 1756-1815 (Warrior, 81)",6.157075,1
Not My Father's War,6.149978,1
Reengineering the Corporation: A Manifesto for Business Revolution,6.1445713,1
The Dragons of Eden: Speculations on the Evolution of Human Intelligence,6.1397204,1
Penny Whistle Party Planner,6.130165,1
"In Leo's Lair (Zodiac Chillers , No 3)",6.121593,1
French Dirt the Story of a Garden In The,6.1164927,1
The Sackett Brand : The Sacketts (Sacketts),6.1062384,1
A Wind in the Door,6.105244,1
Wedding Keepsakes,6.083368,1
"Dot ZEN: Practical tips and thoughts on Business, Marketing, PR and Internet from the Diamond Sutra",6.081604,1
"Girl Pages : Handbook of Best Resources for Growing Strong, Confident, Creative Girls (Girl Pages)",6.07314,2
Plus Essential Sociology,6.0699043,1
Dei bambini non si sa niente (Stile libero),6.052596,1
Watsons,6.043147,1
Rowohlt Taschenbucher: Frauenmut; Elf Frauengeschichten Aus Dem Vereinten Deutschland,6.0410724,1
How To Produce Creative Publications,6.0266857,2
Missing Measures: Modern Poetry and the Revolt Against Meter,6.0266857,2
Technical Communication: Situations and Strategies,6.0266857,2
The Lives of John Lennon,6.0116153,1
The Qur'an Translation,5.9794393,1
How to Play Guitar: A New Book for Everyone Interested in the Guitar,5.977353,1
Stone Mistress (Daughters of a Granite Land),5.968414,1
Winding Paths,5.961479,1
The Adventures of Augie March (Penguin Modern Classics),5.961479,1
The Gift of Peace: Personal Reflections (Illinois),5.9541416,1
What They Don't Tell You About Shakespeare (What They Don't Tell You About S.),5.952264,1
Quarks: The Stuff of Matter,5.9423256,1
"Sons of Entropy  (Buffy the Vampire Slayer: The Gatekeeper Trilogy, Book 3)",5.919033,1
The Giant Baby,5.913576,1
Cadillac desert: The American West and its disappearing water,5.90905,1
A Fail-safe Way for You to Receive the Holy Spirit,5.8780665,1
Return to the Gospel of the Water and the Spirit.,5.8780665,1
Animal Ghost Stories (American Storytelling (Cloth)),5.8780665,1
Military Space-A Air: Opportunities Around the World,5.8780665,1
"Kate's Secret Plan: The Story of a Young Quarter Horse and the Persistent Girl Who Will Not Let Obstacles Stand in Their Way (Treasured Horses , No 6)",5.8780665,1
Fodor's '89 Greece,5.8780665,1
The Grace Awakening (Walker Large Print Books),5.8780665,1
Art Since 1940: Strategies of Being,5.8650694,1
Pensees and Other Writings (Oxford World's Classics (Paperback)),5.855884,1
Linux Firewalls (2nd Edition),5.8505745,1
Bambini Nel Tempo,5.840591,1
Le etichette delle camicie (Narratori Giunti),5.840591,1
The Confessions of Max Tivoli (Today Show Book Club #22),5.8359237,1
Flood : Mississippi 1927,5.816896,1
Die Asche meiner Mutter. Irische Erinnerungen.,5.8094916,1
O cÃÂ£o da meia-noite: Contos,5.807972,1
The Plague Tales,5.8002033,1
A Love No Less: More Than Two Centuries of African American Love Letters,5.7945056,1
The Portable Milton (Viking Portable Library),5.776094,1
Sacred Hoops: Spiritual Lessons of a Hardwood Warrior,5.7587996,1
Lily (Seven Brides Series),5.7580805,1
A Shropshire Lad (Dover Thrift Editions),5.6819673,1
The Artful Cat,5.6515627,1
Die Germanistin.,5.594864,1
Strength to Your Sword Arm: Selected Writings,5.4921403,1
The Unwanted: A Memoir,5.4921403,1
Ordinary Resurrections,5.4921403,1
"The Good, the Bad &amp; the Difference: How to Tell Right from Wrong in Everyday Situations",5.4921403,1
"The Rag and Bone Shop of the Heart : Poetry Anthology, A",5.431914,1
Crumbs in the Keyboard,5.4192686,1
CrÃÂ³nica de una muerte anunciada,5.3895364,1
