original_userId,book_1,book_2,book_3,book_4,book_5
8,Die letzte Zauberin. Valorians Kinder.,The Best Short Stories of Fyodor Dostoevsky (Modern Library Paperback Classics),Access Sydney,A Book of One's Own: People and Their Diaries,"Smoke &amp; Spice: Cooking with Smoke, the Real Way to Barbecue, on Your Charcoal Grill, Water Smoker, or Wood-Burning Pit"
14,Eyewitness Travel Guide to Japan,"Girl Pages : Handbook of Best Resources for Growing Strong, Confident, Creative Girls (Girl Pages)",Reengineering the Corporation: A Manifesto for Business Revolution,Les Diaboliques (French Language Edition),Plus Essential Sociology
17,Arco Teach Yourself the Gmat Cat in 24 Hours (Arcos Teach Yourself in 24 Hours Series),"FÃÂ¼rstin, Dame, armes Weib","Yoga fÃ?ÃÂ¼r RÃ?ÃÂ¼cken, Schulter und Nacken.",Sternstunden Der Menschheit: 12 Historische Miniaturen,Das Faxenbuch (Neue Frau)
26,Access Sydney,The Best Short Stories of Fyodor Dostoevsky (Modern Library Paperback Classics),"The Best 351 Colleges, 2004 Edition",Loretta Lynn: Coal Miner's Daughter,The T-Factor Fat Gram Counter
39,Access Sydney,Las Olas (Fabula),Big Ice,The Best Short Stories of Fyodor Dostoevsky (Modern Library Paperback Classics),Motin del Bounty
53,Die letzte Zauberin. Valorians Kinder.,A Soldier of the Great War,American Dreams: Lost &amp; Found,Kybalion: A Study of the Hermetic Philosophy of Ancient Egypt and Greece,Beatriz Y Los Cuerpos Celestes: Una Novela Rosa
56,Silver Scream: A Bed-and-Breakfast Mystery,"The Case of the Buried Treasure (Jigsaw Jones Super Special, 1)",Play the Ball Where the Monkey Drops It: Why We Suffer and How We Can Hope,A Book of One's Own: People and Their Diaries,What's So Great About America
69,First Book of Sushi (World Snacks),I Know a Rhino,Motin del Bounty,The VALUE IN THE VALLEY : A BLACK WOMAN'S GUIDE THROUGH LIFE'S DILEMMAS,"In My Father's House (Shiloh Legacy, Book 1)"
87,The Right Man : The Surprise Presidency of George W. Bush,The VALUE IN THE VALLEY : A BLACK WOMAN'S GUIDE THROUGH LIFE'S DILEMMAS,Die wilde Miss vom Ohio und andere ungewÃÂ¶hnliche Geschichten,"Angels In The Light (Harlequin Superromance, No 576)",Night Riders in Black Folk History
92,"El Senor De Los Anillos: El Retorno Del Rey (Tolkien, J. R. R. Lord of the Rings. 3.)",Good King Harry (Ballantine Reader's Circle),A Draft of Xxx Cantos (New Directions Paperbook),SPACE TIME MEDICINE,KÃ?ÃÂ¶nig Lear / King Lear.
99,Creating Wealth : Retire in Ten Years Using Allen's Seven Principles of Wealth!,Cryptonomicon.,Lonely Planet Queensland (Lonely Planet Queensland),Obres completes de TÃÂ­sner (PÃÂ²rtic obres completes),Die Frau des Feuergottes. Roman.
114,Big Ice,Motin del Bounty,Trouble Man the Life and Deat Gaye,Night Riders in Black Folk History,Latitude: How American Astronomers Solved the Mystery of Variation
160,"Gallant Waif (Harlequin Historical Series, No 557)",Alicia En El Pais de Las Maravillas - A Traves del,To Kiss a Texan (Texas Brothers Trilogy),Marriage a LA Mode (Signet Regency Romance),The Village Spinster
165,SPACE TIME MEDICINE,The Letter of Marque (Aubrey/Maturin Series),You Are Special,Jacques le Fataliste,Mercy (G K Hall Large Print Book Series (Cloth))
